| ID | Categoria | Gatilho / Intenção do cliente | Atalho sugerido | Mensagem (template) | Variáveis usadas | Observação de uso |
| :-: | :-: | :-: | :-: | :-: | :-: | :-: |
| A01 | Abertura | Primeiro contato / saudação | /boasvindas | Olá, {nome}\! Prazer falar contigo. Aqui é o {atendente}, do time de Vendas da ABSOLUT Sport, a primeira e única Agência de Viagens Oficial da {parceiro}\! Vai ser um prazer te ajudar a viver {evento}, em {cidade}, no dia {data}\! Todas as opções de pacote estão no nosso site {url} e podem incluir transporte aéreo, hospedagem, transporte terrestre, assistência in-loco e, claro, ingressos. Os pacotes são limitados e já estão na reta final de estoque — corre garantir o seu\! | {nome} {atendente} {parceiro} {evento} {cidade} {data} {url} | Ajustar saudação (Bom dia/Boa tarde/Boa noite) conforme horário. |
| A02 | Produto & Pacotes | O que inclui / personalizar (aéreo de outra cidade) | /pacotes | Todas as opções de pacote estão no site {url} e podem incluir transporte aéreo, hospedagem, transporte terrestre, assistência in-loco e ingressos. As saídas de aéreo são exclusivamente de {origem\_aereo}; voos de outras praças já esgotaram. | {url} {origem\_aereo} |  |
| A03 | Produto & Pacotes | Quanto custa o pacote X | /preco | Todas as opções estão no site {url}. O preço final é calculado na própria plataforma, conforme as opções de hospitalidade escolhidas. | {url} |  |
| A04 | Produto & Pacotes | Posso negociar desconto? | /desconto | {nome}, neste momento do ciclo de vendas todos os pacotes têm composição e preço fechados, habilitados para venda exclusiva online no nosso e-commerce. Todas as opções disponíveis estão em {url}. Fico à disposição para dúvidas. | {nome} {url} |  |
| A05 | Produto & Pacotes | Defesa do preço (reclamação) | /defesapreco | É importante destacar que nossa precificação segue margens razoáveis, dentro do praticado no mercado, e inclui — além dos serviços de hospitalidade — toda a operação da Agência in-loco, time de suporte, carga tributária, taxa de licença e royalties pagos à {parceiro} enquanto Agência Oficial, além de outros custos operacionais do projeto. | {parceiro} | Usar só se o cliente reclamar do preço. |
| A06 | Tickets | Torcida exclusiva / vocês têm CAT3? | /cat3 | Infelizmente não. Como Agência Oficial da {parceiro}, o escopo da parceria inclui apenas pacotes com ingressos CAT1 ou CAT2, além de passes para a zona de Hospitalidade. Todos os nossos ingressos são para setores mistos. Os setores exclusivos de cada torcida (CAT3) são comercializados diretamente pela {parceiro} e pelos clubes finalistas. Pacotes disponíveis em {url}. | {parceiro} {url} |  |
| A07 | Tickets | Diferença entre CAT1 e CAT2 | /cat1cat2 | As duas categorias ficam em setores centrais com torcida mista. A diferença está na vista da cerimônia de premiação: a CAT1 (ocidente) oferece vista frontal do palco e da entrega do troféu; a CAT2 (oriente) fica do outro lado do estádio. Últimas unidades em {url}. | {url} | Ajustar nomes de setor conforme o estádio do evento. |
| A08 | Tickets | O que é o Hospitality? | /hospitality | É uma experiência premium que combina o ingresso com acesso a uma área VIP: open bar, open food, ativações de patrocinadores, convidados VIP, telões, lounges climatizados e outras atrações. Os pacotes de hospitalidade incluem ingresso CAT. Últimas unidades em {url}. | {url} |  |
| A09 | Tickets | Vocês têm camarote? | /camarote | Infelizmente nosso estoque de camarotes está esgotado, {nome}\! Caso surja novidade, informaremos. Todo o inventário de pacotes ainda disponíveis está em {url}. | {nome} {url} |  |
| A10 | Tickets | Existe meia-entrada / gratuidade? | /meiaentrada | A política de ingressos da {parceiro} não prevê meia-entrada ou gratuidade para nenhum público. Em conformidade, como Parceira Oficial, nossos pacotes seguem a mesma diretriz. | {parceiro} |  |
| A11 | Vôos | Tem outras opções de voos? | /voos | {nome}, a procura está muito alta e algumas opções de voo e acomodação já esgotaram. Todas as opções disponíveis estão no site {url}. | {nome} {url} |  |
| A12 | Vôos | Antecipar / personalizar voo | /voo\_personalizar | Infelizmente não, {nome}. Nossos acordos diretos com as companhias aéreas não permitem alteração na malha contratada. Todas as opções ainda disponíveis, saindo de {origem\_aereo}, estão no e-commerce {url}. | {nome} {origem\_aereo} {url} |  |
| A13 | Vôos | Posso comprar só o aéreo? | /so\_aereo | Oi, {nome}. Não estamos autorizados pela {parceiro} a vender serviços avulsos. Os pacotes com aéreo são oferecidos apenas em conjunto com os demais serviços de hospitalidade, disponíveis em {url}. | {nome} {parceiro} {url} |  |
| A14 | Hospedagem | Quarto triplo (TRP)? | /trp | Nossa disponibilidade de quartos triplos é bastante limitada e todo o inventário já foi consumido. Caso haja novas disponibilidades ou cancelamentos, o inventário retorna para venda em {url}. | {url} |  |
| A15 | Hospedagem | Noites-extra? | /noites\_extra | No momento, os hotéis bloqueados estão com todo o inventário de noites extras consumido. Caso haja novas disponibilidades ou cancelamentos, retorna para venda em {url}. | {url} |  |
| A16 | Transporte | Transfer no aeroporto? | /transfer | {nome}, para garantir conformidade plena com nosso padrão de serviço, nesta edição em {cidade} não trabalharemos com Transfer-In/Transfer-Out (aeroporto–hotel). O aeroporto tem bolsão de táxis e acesso fácil a {app\_transporte}, app de transporte que recomendamos em {cidade}. | {nome} {cidade} {app\_transporte} | Ajustar política de transfer conforme a edição. |
| A17 | Documentação | Precisa de passaporte? | /documentos | Para entrar {pais\_prep}, é necessário apresentar {doc} (dentro da validade), com foto e em bom estado de conservação. | {pais\_prep} {doc} | Conferir exigência de visto/documento por país a cada evento. |
| A18 | Documentação | Quando recebo as informações oficiais? | /info\_pacote | Nos próximos dias nosso time de pós-venda entrará em contato com todos os detalhes da sua viagem, incluindo vouchers e horários oficiais. As informações de cada serviço (ticketing, hospedagem, aéreo) são enviadas em, no máximo, 2 dias de antecedência do uso. | (nenhuma) |  |
| A19 | Pagamento | Formas de pagamento | /pagamento | Nosso site aceita PIX — com 10% de desconto\! — e cartão de crédito (até 5x sem juros ou até 10x com juros). Todos os meios e pacotes disponíveis estão em {url}. | {url} | Conferir condições de parcelamento/desconto vigentes. |
| A20 | Políticas | Política de cancelamento | /cancelamento | Nossa política prevê reembolso integral para cancelamentos em até 7 dias da compra, salvo compras feitas a menos de 7 dias do evento (sem reembolso). Após 7 dias da compra, a ABSOLUT retém 80% do valor e reverte 20% em Créditos ABSOLUT Sport, utilizáveis em outros produtos no prazo de 1 ano da compra. | (nenhuma) | TEXTO CONTRATUAL — não alterar sem revisão jurídica. |
| A21 | Políticas | O que acontece em caso de mudança de sede? | /mudanca\_sede | Como Agência Oficial da {parceiro}, nossa operação não se baseia em rumores. Trabalhamos com a informação oficial de que o evento está confirmado e mantido em {cidade}. Caso haja novidade concreta sobre alteração de sede, informaremos cada cliente. | {parceiro} {cidade} |  |
| A22 | Pós-venda | Já comprei (agradecer confiança) | /pos\_venda | Agradecemos a confiança, {nome}\! Ficamos à disposição para qualquer suporte. Fique ligado nas nossas redes e comunicações por e-mail para acompanhar os preparativos. | {nome} |  |
| A23 | Pós-venda | Já comprei — como recebo as confirmações? | /confirmacoes | Agradecemos a confiança, {nome}\! Consegue confirmar se recebeu nossa mensagem de confirmação por e-mail? Fique ligado na caixa de entrada e nas redes. Nosso time de atendimento entrará em contato para assegurar o recebimento de todas as informações dos serviços contratados. | {nome} |  |
| A24 | Handoff & Atendimento | Posso falar com um humano? | /falar\_humano | {nome}, todas as opções de pacote estão no site {url}\! Se quiser falar com um atendente, me avise que te incluo na lista de espera — assim que possível alguém entra em contato. No momento estamos com muitos chamados na central, por isso recomendo o site, onde a compra é rápida, segura e completa. | {nome} {url} | Relaciona aos itens 01/03 da auditoria Aby (handoff humano). |
| A25 | Handoff & Atendimento | Atendimento floodado (compreensão à paciência) | /floodado | Estou finalizando um atendimento e te respondo assim que possível\! Enquanto isso, tem alguma dúvida que eu possa adiantar? Me avisa que eu ou alguém da equipe de suporte entra em contato. | (nenhuma) | Relaciona ao item 31 da auditoria (uso do tempo de fila). |
| A26 | Handoff & Atendimento | Ganhar tempo (sem resposta pronta) | /ganhar\_tempo | {nome}, vou confirmar essa informação com meu time de Operações e retorno assim que possível, OK? | {nome} | Relaciona ao item 04 da auditoria (fallback gracioso). |
| A27 | Encerramento & Re-engajamento | Agradecer consulta (não comprou) | /agradece\_consulta | Agradeço a consulta, {nome}\! Ficamos à disposição para dúvidas e caso queira retomar o atendimento. Um abraço\! | {nome} |  |
| A28 | Encerramento & Re-engajamento | Ghosting / encerramento por inatividade | /ghosting | Devido à inatividade, este atendimento está sendo encerrado. Mas se surgir qualquer dúvida ou se precisar de ajuda para fechar seu pacote rumo a {cidade} ou qualquer outro evento, estarei à disposição para garantir seu lugar nessa experiência única\! | {cidade} | Relaciona ao item 32 da auditoria (encerramento explícito). |
| A29 | Encerramento & Re-engajamento | Pedir desculpas (não é da torcida da campanha) | /desculpas\_torcida | Ô, {nome}\! Agradeço a compreensão e peço desculpas pelo deslize. Meu número está numa campanha específica com torcedores {torcida\_alvo}, em parceria com um influenciador. Já registrei aqui como {torcida\_real} pra não vacilar de novo\! | {nome} {torcida\_alvo} {torcida\_real} | Usar com leveza; ajustar ao contexto da campanha. |
| A30 | Abertura | Saudação Aby (versão em produção, observada no teste 02/jun) | /saudacao\_aby | Olá\! Tudo bem? Sou a Aby, assistente virtual da ABSOLUT Sport, agência oficial da {parceiro} e credenciada ao {clube\_credenciado}. Vim te ajudar a garantir seu lugar nos melhores eventos e jogos do mundo. Como você gostaria de seguir? | {parceiro} {clube\_credenciado} | Versão atual em produção. Substituir A01 quando consolidar. |
| A31 | Eventos / Jogos Flamengo | Texto de boas-vindas ao escolher 'Jogos Flamengo' | /jogos\_flamengo\_intro | O {estadio} te espera para viver o clima da {torcida} com ingresso oficial e credenciado, com todo conforto e segurança para você curtir o momento\! | {estadio} {torcida} | Capturado no teste 02/jun. Exemplo Flamengo no Maracanã: {estadio}=Maracanã, {torcida}=Nação. |
| A32 | Compliance Flamengo/Maracanã | Disclaimer 'O que você precisa saber' (CPF + biometria) | /disclaimer\_flamengo\_maracana | {time\_casa} x {time\_visitante} \| {estadio} ⚠️ Informações Importantes: Aviso sobre CPF: O sistema do {clube} aceita apenas 1 ingresso por CPF. Se algum CPF já tiver um ingresso garantido por outro lugar, o sistema do clube não permite o resgate desse novo ingresso. Biometria Facial: O acesso ao {estadio} é feito exclusivamente via biometria facial. Garanta que o cadastro de cada pessoa esteja atualizado no site: {url\_biometria} | {time\_casa} {time\_visitante} {estadio} {clube} {url\_biometria} | Item 39 do Comparativo. Antecipar em nó dedicado entre 'Jogos Flamengo' e a seleção do confronto. URL biometria Flamengo: https://biometria.flamengo.com.br/ |
| A33 | Descritivo de pacote | Template Pacote Maracanã Mais | /pacote\_maracana\_mais | Pacote Maracanã Mais Seu lugar garantido com assento marcado, comida e bebida inclusas sem fila, com toda segurança até o portão e com estacionamento exclusivo dentro do {estadio}! O Ingresso: Ingresso oficial para o Setor Maracanã Mais (assento numerado). Comida e Bebida: Buffet completo incluso com bebidas não alcoólicas liberadas (cerveja disponível para compra no setor). Transporte: Transfer credenciado com desembarque e estacionamento no {ponto\_desembarque} (dentro do complexo do estádio). ⚠️ Importante: A saída do transfer ocorre de um ponto de encontro pré-definido, comunicado em até {antecedencia\_aviso} antes do jogo. Valor: {valor} por pessoa | {estadio} {ponto\_desembarque} {antecedencia\_aviso} {valor} | Capturado no teste 02/jun. Usar como template para outros pacotes (Espaço Fla+, Oeste Inferior, hospitality). |
| A34 | Checkout | 'Comprar agora' enxugado (item 41 do Comparativo) | /comprar\_agora\_enxugado | O {estadio} te espera! ❤️ Os melhores setores esgotam primeiro. Garanta o seu agora. Clique no link para garantir sua vaga: {url} | {estadio} {url} | Versão proposta no item 41 (enxugamento). Dados do jogo já aparecem no cartão (item 40), não repetir aqui. |
| A35 | Pós-venda | Confirmação 'Deu certo' (capturada do bot em produção) | /deu\_certo\_confirmacao | Que ótimo\! Nos próximos dias você receberá todas as informações detalhadas sobre o seu pacote, ingresso, transfer e sobre o dia do jogo\! ⚠️ Não esqueça do cadastro da biometria facial: {url\_biometria} Até breve\! {cores\_emojis\_clube} | {url\_biometria} {cores\_emojis\_clube} | Capturado no teste 02/jun. Para Flamengo: {cores\_emojis\_clube}='vermelho/preto'. |

| Variável | Significado | Exemplo (Libertadores 2026) |
| :-: | :-: | :-: |
| {nome} | Nome do cliente/torcedor | João |
| {atendente} | Nome do atendente/persona da campanha | Thadeu |
| {parceiro} | Entidade oficial detentora dos direitos | CONMEBOL |
| {evento} | Nome do evento (como falado ao cliente) | a grande final da Glória Eterna |
| {cidade} | Cidade-sede do evento | Lima |
| {data} | Data do evento (dia ou data completa) | 29 |
| {url} | Link do e-commerce do evento | absolutsport.com.br/palmeiraslibertadores |
| {origem\_aereo} | Praças de saída do aéreo disponível | São Paulo e Rio de Janeiro |
| {pais\_prep} | País-destino com preposição | no Peru |
| {doc} | Documentos aceitos para entrada | RG ou Passaporte |
| {app\_transporte} | App de transporte recomendado no destino | Uber |
| {torcida\_alvo} | Torcida-alvo da campanha de captação | palmeirenses |
| {torcida\_real} | Torcida real do cliente (correção de registro) | flamenguista |
